PLC5S---,[0]
LLC5S---,[1]
GLC5S---,[2, 3]
RLC5S---,[4]
SLC5S---,[5]
HLC0o---,[6, 48, 68]
PLC0o---,[7, 11, 13, 43, 50, 60, 61, 67]
LLC0o---,[8, 41, 44, 65]
GLC0o---,[9, 10, 12, 42, 47]
AHC0o---,[14]
SHH0o---,[15, 18, 32]
EHH4o---,[16]
AHH0o---,[17, 37]
AHH4o---,[19]
IHH5o---,[20]
QHH4o---,[21]
EHH3o---,[22]
LHH6o---,[23, 24, 75]
DHH0o---,[25, 29, 69]
GHH0o---,[26]
LHH7o---,[27]
RHH5o---,[28]
THH5o---,[30]
VHH5o---,[31]
EHH0o---,[33, 36]
LHH0o---,[34, 72]
QHH0o---,[35, 38]
MHH0o---,[39]
ALH0o---,[40]
QLC0o---,[45, 46, 57]
SLC0o---,[49, 53, 80]
ALC0o---,[51, 56, 62, 66]
ELC0o---,[52, 55, 58, 59]
WLC0o---,[54]
RLC0o---,[63]
VLC0o---,[64]
NHH0o---,[70]
VHH4o---,[71]
RHH0o---,[73]
AHH6o---,[74]
RHH4o---,[76]
RHH6o---,[77]
LLH6o---,[78]
GLH5o---,[79]
SLC4o---,[81]
KLC4o---,[82]
MLC0o---,[83, 84]
RLC6o---,[85]
DLC8o---,[86]
SLC8o---,[87, 99]
RLC8o--S,[88, 93, 109]
CLC8o---,[89]
FLG8o---,[90]
GLC8o---,[91, 98, 102]
RLS8o---,[92]
LLT8o--S,[94]
DLT8o--S,[95]
RLC7oM-S,[96]
ILC8o--S,[97]
LLT7o--S,[100]
SLT8o---,[101]
LLT5o--S,[103]
GLT8o--S,[104]
CLC8o--S,[105]
NLC8o--S,[106]
VLC7o--S,[107]
LLC8o--S,[108]
RLC8o---,[110]
HLC8oM--,[111]
