MLC5S---,[0]
SLC5S---,[1]
IHH5S---,[2]
LHH5S---,[3]
FHH0S---,[4, 8]
YHH0S---,[5, 11]
VHH0S---,[6]
MHH0S---,[7]
LHH0S---,[9]
AHH0S---,[10]
LLH0S---,[12]
RHH0S---,[13]
GHH0S---,[14]
VLC0S---,[15]
QLH0S---,[16]
GLC0S---,[17]
NLC0S---,[18]
SLC0o---,[19, 24, 48, 60, 75, 121, 129, 179]
MLC8o---,[20]
DLC7o---,[21]
QLC0o---,[22, 50, 59, 78]
RLC0o---,[23, 70, 127, 131, 194, 201, 247, 251]
LLC0o---,[25, 62, 112]
PLC0o---,[26, 63, 68, 69, 72, 79, 122, 180, 195]
EHH0o---,[27, 86]
DHH0o---,[28]
SHH5o---,[29]
LHH6o---,[30]
NHH6o---,[31]
SHH4o---,[32]
LHH7o---,[33]
IHH7o---,[34]
IHH5o---,[35]
KHH5o---,[36]
LHH8o---,[37]
IHH6o---,[38]
QHH6o---,[39]
AHH5o---,[40]
DHH6o---,[41]
IHH0o---,[42]
LHH0o---,[43, 87, 88]
KHH0o---,[44]
NHH0o---,[45]
KLH0o---,[46, 49]
LLH0o---,[47]
MLC0o---,[51, 83, 115]
VLC0o---,[52, 54, 80, 119, 123, 196]
DLC0o---,[53, 117]
KLC0o---,[55, 64, 74, 138, 197, 248]
ELC0o---,[56, 66, 71, 76, 108, 116, 136]
NLC0o---,[57]
YLC0o---,[58, 113, 118, 134]
TLC0o---,[61, 81, 105, 128, 252]
ALC0o---,[65, 67, 73, 82, 124, 125, 135, 193]
FLC0o---,[77]
GLC0o---,[84, 120, 199, 250]
PHH0o---,[85]
RHH0o---,[89, 92]
QHH0o---,[90]
QLC6o---,[91]
RLC6o---,[93]
YLC6o---,[94]
SLC8o---,[95, 139, 149]
SLS8o---,[96]
PLC8o---,[97, 109, 110, 111]
RLC8o---,[98, 130, 133]
VEE7o---,[99]
LEE8o---,[100, 222, 245]
LLC7o---,[101, 114]
SLC7o---,[102, 246]
DLT0o---,[103, 205]
SLS0o---,[104]
PLC6o---,[106]
LLC8o---,[107]
NLC8o---,[126, 209]
KLC8o---,[132]
HLC0o---,[137, 166]
HLC8o---,[140]
RLT8o---,[141]
GLS8o---,[142, 165]
ELC8o---,[143, 192]
YLC8o---,[144]
SEE8o---,[145, 158, 210, 224, 240]
VEE8o---,[146, 154, 168, 170, 219, 230, 242]
CEE8o---,[147, 190, 212, 241, 243]
DLE8o---,[148]
ELT8o---,[150]
SLC6o---,[151]
LLE8o---,[152]
WEE8o---,[153, 232, 234]
TEE8o---,[155, 188, 214, 217, 223, 239]
DEE8o---,[156, 238]
KEE8o---,[157, 213]
SEE5o---,[159]
AEE8o---,[160, 221]
IEE6o---,[161, 174]
DLC8o---,[162, 204]
ILT4o---,[163]
RLT4o---,[164]
QEE0o---,[167]
TEE6o---,[169]
LEE7o---,[171]
GEE8o---,[172, 231]
EEE8o---,[173, 187, 225]
KEE0o---,[175]
TLC6o---,[176]
GLT0o---,[177]
NLT0o---,[178, 198, 226]
VEE6o---,[181]
KEE4o---,[182]
QEE8o---,[183]
YEE8o---,[184, 186, 218]
FEE8o---,[185]
REE8o---,[189, 220, 233]
KLE0o---,[191]
CLC8o---,[200]
GLC8o---,[202]
ILC6o---,[203]
KLT0o---,[206]
HLT0o---,[207]
WLC8o---,[208]
QEE5o---,[211]
SEE6o---,[215]
QEE6o---,[216]
NLT6o---,[227]
KLS6o---,[228]
LEE4o---,[229]
IEE8o---,[235, 237]
REE6o---,[236]
AEE6o---,[244]
ILC0o---,[249]
