GLC5o---,[0, 501]
QLC5o---,[1]
YLC0o---,[2, 78, 144, 148, 456]
GLC0o---,[3, 149, 152, 153, 170, 186, 389, 437]
NLC0o---,[4, 19, 143, 185, 387]
PLC0o---,[5, 145, 150, 178, 187]
LLC5o---,[6, 478]
NHG0o---,[7]
KLG0o---,[8]
YLG5o---,[9]
IEE7o---,[10, 343, 344]
REE0o---,[11, 42]
HEE5o---,[12]
YEE8o---,[13, 297]
EEE6o---,[14]
GEE5o---,[15]
LEE5o---,[16, 43, 54, 339]
SEE0o---,[17]
YEE0o---,[18, 331]
VLC0o---,[20, 34, 171, 174, 434]
DLC0o---,[21, 38, 77, 127, 156]
SLC0o---,[22, 35, 197, 385, 436]
LLC0o---,[23, 189, 190]
HLC0o---,[24, 27, 36, 146, 182]
QLC0o---,[25, 28, 39, 151, 176, 179, 390, 438, 483]
KLC0o---,[26, 126, 147, 192, 193, 386, 391, 407, 461, 475]
RLC8o---,[29, 32, 194]
ALC0o---,[30, 33, 155, 183, 184, 198]
KLC6o---,[31]
ELC0o---,[37, 66, 172, 173, 180, 181, 188, 199, 379, 384, 451]
FEE0o---,[40, 490]
LEE4o---,[41]
DEE3i---,[44]
FEE7i---,[45]
HEE0i---,[46]
AEE7i---,[47]
HLT3i---,[48]
GLT5o---,[49, 103, 245, 473, 489]
REE2o---,[50, 55]
HEE0o---,[51]
FEE5o---,[52, 67]
NEE2o---,[53]
MEE6o---,[56]
KEE2o---,[57]
REE6o---,[58]
DLC8i---,[59]
TLT0i---,[60]
SLT0i---,[61]
LLG7i---,[62]
FLS8i---,[63]
SLC5i---,[64]
DLS0o---,[65]
KEE3o---,[68, 327]
VEE4o---,[69]
EEE0o---,[70]
TLC0o---,[71, 169, 175, 195, 196, 378, 381]
SLT0o---,[72, 332, 457]
NLT0o---,[73, 469]
KEE0o---,[74, 329, 335, 336]
VEE0o---,[75]
LEE0o---,[76, 330]
DLC4o---,[79, 242, 305]
TLT0o---,[80, 129, 268]
SLT4o---,[81, 244, 318, 351]
HLE5o---,[82]
IEE5o---,[83, 491]
YEE7o---,[84]
TEE4o---,[85]
GEE8o---,[86, 310, 342]
HEE3o---,[87]
IEE5i---,[88, 101, 109]
YLT0i---,[89]
GLT5i---,[90]
ELC4i---,[91]
ELT0i---,[92]
GLT0i---,[93, 113]
SEE6i---,[94, 96, 99, 134]
FEE2i---,[95]
HEE5i---,[97, 138]
GEE6i---,[98]
VEE5i---,[100, 135]
DLT3o---,[102, 292]
REE3o---,[104]
FEE5i---,[105, 108, 116]
EEE4i---,[106]
GEE8i---,[107]
QEE4i---,[110]
TEE5i---,[111]
RLT0i---,[112]
GLE3i---,[114]
TEE4i---,[115]
YEE4i---,[117]
VEE6i---,[118]
EEE7i---,[119]
PEE8i---,[120]
ALC4i---,[121]
ELG0i---,[122]
RHG0i---,[123]
YHG0i---,[124]
ILC0o---,[125, 177, 440]
RLT0o---,[128]
LLS0o---,[130]
PLC0i---,[131]
FLC0i---,[132]
HLC4i---,[133]
IEE6i---,[136]
YEE6i---,[137]
ELT4i---,[139]
DLT0i---,[140]
DLC0i---,[141]
ILC0i---,[142]
CLC8o---,[154, 380, 432, 441, 452, 454, 460, 465, 476]
HLH0o---,[157]
SLH0o---,[158]
VHH0o---,[159]
FHH0o---,[160]
EHH0o---,[161, 287]
RHH0o---,[162, 164]
MHH0o---,[163]
KHH0o---,[165]
YHH0o---,[166]
QHH0o---,[167, 423]
MLC0o---,[168]
RLC7o---,[191]
KLC4o---,[200, 412, 482]
NLC7o---,[201, 348]
TEE6o---,[202]
CEE8o---,[203, 294, 325]
QEE8o---,[204, 208]
LEE7o---,[205, 295, 311]
YEE6o---,[206]
IEE6o---,[207, 249, 256, 258, 324]
TEE7o---,[209, 341]
DLC8o---,[210]
HHH5o---,[211]
LHH5o---,[212]
FHH7o---,[213, 362]
FHH4o---,[214]
KHH3o---,[215]
YHH4o---,[216]
YHH5o---,[217]
GLS2o---,[218]
TLS5o---,[219]
RHH3o---,[220]
EHH2o---,[221, 426]
AHH3o---,[222]
VHH6o---,[223, 278, 357]
IHH3o---,[224]
AHH2o---,[225]
QHH6o---,[226]
IHH6o---,[227, 234, 237, 421]
SHH4o---,[228, 422]
SHH5o---,[229]
HHH6o---,[230, 359]
VHH5o---,[231, 424]
KHH6o---,[232]
AHH5o---,[233]
DHH7o---,[235]
THH4o---,[236]
YHH8o---,[238]
QHH5o---,[239]
TLT4o---,[240]
TLC6o---,[241]
FLC5o---,[243, 484, 497, 499]
ILC3o---,[246]
RLC4o---,[247]
NLC6o---,[248, 269, 395, 410, 411]
SEE6o---,[250]
FEE8o---,[251]
MEE3o---,[252]
VEE7o---,[253]
KEE5o---,[254, 337]
REE5o---,[255]
REE4o---,[257]
NEE7o---,[259]
TLC4o---,[260, 403]
TLC3o---,[261]
AHH0o---,[262]
DHH5o---,[263]
ELT4o---,[264]
KLT0o---,[265]
DLC5o---,[266, 303, 467]
PLT0o---,[267, 382, 471, 480]
PLT3o---,[270]
FLT6o---,[271]
RLC0o---,[272, 474]
FLC3o---,[273]
PLT2o---,[274]
NLT2o---,[275]
ILC4o---,[276]
GLC4o---,[277]
EHH6o---,[279]
KHH2o---,[280]
FHH8o---,[281]
LHH8o---,[282]
EHH3o---,[283]
LHH3o---,[284]
NHH7o---,[285]
SHH6o---,[286]
QLT2o---,[288]
NLC4o---,[289, 393]
HLC6o---,[290]
DLT4o---,[291, 306]
YLC6o---,[293, 396, 399]
AEE6o---,[296]
VEE6o---,[298, 346]
FEE6o---,[299]
TEE8o---,[300, 345]
DLC6o---,[301]
RLC5o---,[302]
FLC6o---,[304]
GLS7o---,[307]
VLC7o---,[308]
LLC8o---,[309]
AEE8o---,[312]
WEE6o---,[313]
VLE7o---,[314]
GLC8o---,[315, 323, 442]
ALC6o---,[316, 402]
PLT4o---,[317]
GLT4o---,[319, 350, 449]
SLC3o---,[320]
SLC4o---,[321]
GLC6o---,[322, 377, 394]
EEE4o---,[326]
SEE3o---,[328]
DLT0o---,[333, 458]
GLT0o---,[334, 383, 405, 481]
SEE5o---,[338]
NEE8o---,[340]
QLC6o---,[347]
YLT4o---,[349]
HLC4o---,[352]
VLC6o---,[353, 446]
PLC6o---,[354, 373, 439]
PHH5o---,[355]
KHH5o---,[356]
SHH7o---,[358]
IHH7o---,[360]
THH8o---,[361]
AHH8o---,[363]
HHH8oM-S,[364, 368]
EHH8oM-S,[365]
VHH7o---,[366]
GHH8o---,[367]
NHH8oM-S,[369]
FLT7oM--,[370]
GLT8oM--,[371]
SLC8oM--,[372]
HLC8oM--,[374]
DLC8oM--,[375, 453]
SLC7o---,[376]
LLT0o---,[388, 408]
ELC3o---,[392, 435]
ILS7o---,[397]
MLS8o---,[398]
ALC8o---,[400]
RLC6o---,[401]
SLC2o---,[404]
DLC2o---,[406]
NLC5o---,[409]
FLC8o---,[413]
SLC8o---,[414]
LHH0o---,[415]
CHH8o---,[416]
SHH8o---,[417]
IHH4o---,[418]
RHH2o---,[419]
NHH6o---,[420]
LHH6o---,[425]
KLH2o---,[427]
KLT4o---,[428]
RLC2o---,[429]
NLG0o---,[430]
NLG2o---,[431]
FLC4o---,[433]
NLS8oM--,[443]
GLS8o---,[444, 455]
MLC0oM--,[445]
ELC8oM--,[447, 450]
QLT0o---,[448, 459, 488]
DLC4oM--,[462]
ELT0o---,[463, 472]
CLT8o---,[464]
FLC0o---,[466]
ALT0o---,[468]
QLC4o---,[470]
KEC0o---,[477]
KLC5o---,[479]
VEE5o---,[485]
CLE8o---,[486]
VLE0o---,[487]
NLE5o---,[492]
YLC5o---,[493]
HLC5o---,[494]
SLT5o---,[495]
VLC5o---,[496]
PLC5o---,[498]
ILC5o---,[500, 502]
