MLC8i---,[0, 7]
QLC5i---,[1, 12, 20]
DLC7i---,[2]
ELC6i---,[3, 4]
RLC5i---,[5]
YLC8i---,[6]
TLC6i---,[8]
LLC8i---,[9]
NLC5i---,[10]
VLC5i---,[11]
SLC4i---,[13, 18]
KLC4i---,[14, 15, 27]
RLC2i---,[16]
TLC4i---,[17]
TLC2i---,[19]
TLC0i---,[21, 22, 25]
QLC0i---,[23]
LLC0i---,[24, 33]
FLC0i---,[26]
DLH0i---,[28]
YHH0i---,[29]
SHH0i---,[30]
VHH0i---,[31, 32]
HHH0i---,[34]
WHH0i---,[35]
YHH5i---,[36]
KHH5H---,[37]
IHH0H---,[38]
LHH4H---,[39, 57, 60]
LHH6H---,[40, 54]
GHH2H---,[41, 48]
IHH3H---,[42, 49]
SHH6H---,[43]
GHH5H---,[44]
THH2H---,[45]
LHH5H---,[46]
NHH6H---,[47]
LHH7H---,[50]
AHH5H---,[51]
LHH0H---,[52, 59]
AHH4H---,[53]
IHH4H---,[55, 58]
SHH0H---,[56]
VHH0H---,[61]
SHH0o---,[62]
QLT0o---,[63, 166]
GLT0o---,[64]
VLC0o---,[65, 103, 111, 223]
LLC0o---,[66, 67, 86, 101, 112]
KLC0o---,[68, 71, 87, 99, 203]
CLC0o---,[69, 102]
QLC2o---,[70]
GLC0o---,[72, 84, 91]
SLC3o---,[73]
HLC0o---,[74, 80]
SLC0o---,[75, 97, 104, 106, 167]
NLC4o---,[76, 205]
TLC0o---,[77, 92, 96, 110]
TLC4o---,[78, 177]
ELC0o---,[79, 81]
DLC0o---,[82, 85, 108]
ILC0o---,[83]
MLC0o---,[88, 131]
NLC0o---,[89, 90, 98, 168]
RLC0o---,[93, 94, 105, 165]
NLC3o---,[95]
DLC2o---,[100]
ALC0o---,[107, 202]
QLC0o---,[109]
CLC8o---,[113]
QLC4o---,[114]
SLT2o---,[115, 213, 221]
ELT3o---,[116]
WLC8o---,[117, 185]
LEE4o---,[118]
KEE4o---,[119, 132, 225]
YEE4o---,[120]
RLT3o---,[121, 144]
GLT4o---,[122]
KEE5o---,[123]
CEE8o---,[124, 207, 228]
YEE8o---,[125]
WEE4o---,[126]
FEE5o---,[127, 176]
SEE7o---,[128]
NLS2o---,[129]
ELS3o---,[130, 204]
SEC5o---,[133]
WHH8o---,[134]
SHH2o---,[135]
DHH4o---,[136]
SHH8o---,[137]
YHH4o---,[138]
VHH2o---,[139]
YHH3o---,[140]
CHH8o---,[141]
LHH4o---,[142]
EHH2o---,[143, 154]
KLT4o---,[145]
SLC6o---,[146]
HEE5oM--,[147]
LEE8o---,[148]
LLC6o---,[149]
IEE6o---,[150]
ILC6o---,[151]
QLC5o---,[152]
DLS6o---,[153]
LHH2o---,[155]
EHH8o---,[156]
MHH6o---,[157]
AHH2o---,[158]
FHH6o---,[159]
IHH6o---,[160]
QHH4o---,[161]
KHH2o---,[162]
NHH3o---,[163]
LLC4o---,[164, 191]
YLC0o---,[169]
VEE5o---,[170]
WEE8o---,[171]
MEE6o---,[172]
GEE8o---,[173]
LEE7o---,[174]
NEE5o---,[175]
SLS2o---,[178]
LLT2o---,[179]
KLT2o---,[180]
MLC2o---,[181]
TLC2o---,[182]
WLC7o---,[183]
TEE3o---,[184]
VLT5o---,[186]
DLT8o---,[187]
GLS6o---,[188]
SLC4o---,[189]
PEB2o---,[190]
DLC3o---,[192]
PHG2o---,[193]
KHG2o---,[194]
IHG2o---,[195]
FLC5o---,[196]
FLC2o---,[197]
ILC2o---,[198]
KLC2o---,[199]
GLC2o---,[200]
PLC3o---,[201]
SLC5o---,[206]
AEE6o---,[208]
AEE5o---,[209]
IEE5o---,[210, 215]
KEE3o---,[211]
ELT2o---,[212]
KEE2o---,[214]
YEE2o---,[216]
SEE6o---,[217]
EEE3o---,[218]
TLE3o---,[219]
CLT8o---,[220]
SLS0o---,[222]
FEE3o---,[224]
WEE7o---,[226]
IEE7o---,[227]
QEE8o---,[229]
YLC6o---,[230]
