VLC6i---,[0, 614]
IEE5i---,[1, 3, 357]
YEE5i---,[2, 308, 796]
CLE7i---,[4]
SLC5i---,[5, 6, 195, 199, 229, 278, 291, 404]
PHH5i---,[7, 109]
DHH0i---,[8, 701]
THH4i---,[9, 653]
FHH5i---,[10, 112, 119]
RHH6i---,[11, 566]
AHH0i---,[12, 657, 769]
LHH5i---,[13, 16, 18, 118, 330, 523, 697, 700]
MHH7i---,[14, 394, 695]
LHH3i---,[15, 117, 586]
AHH7i---,[17, 122, 571, 592, 696]
EHH3i---,[19, 587, 766]
ALT5i---,[20, 758]
GLT8i---,[21, 671, 789]
LLC7i---,[22, 680]
SLC4o---,[23]
GLS5o---,[24]
ELT2o---,[25]
DLT5o---,[26]
YEE7o---,[27]
AEE5o---,[28, 68]
FEE7o---,[29]
FEE5o---,[30]
HEE5o---,[31]
LEE5o---,[32, 168]
DLC7o---,[33]
LLC5o---,[34]
FLC5o---,[35, 219]
GLC5o---,[36]
QLC0o---,[37, 40]
SLC0o---,[38, 176]
LLC0o---,[39, 230]
GLC0o---,[41, 54, 131]
ALC0o---,[42, 132]
QLT0i---,[43, 517, 713]
GLC0i---,[44, 46, 211, 212, 224, 277, 284, 286, 290, 297, 439, 808]
LLC0i---,[45, 210, 269, 273, 280, 282, 292, 293, 491, 493]
SLC0i---,[47, 267, 268, 275, 287, 513, 805]
RLC0i---,[48, 49, 227, 271, 274, 279, 285, 462, 683, 802, 807]
PLC0i---,[50, 184, 189, 208, 223, 226, 434, 436, 459, 460, 508, 509, 540]
WLC8i---,[51, 257]
ELC0i---,[52, 185, 270, 296, 435]
RLT0i---,[53, 504]
DLC0o---,[55]
GLT0o---,[56]
QLT0o---,[57]
DHH7o---,[58]
VHH0o---,[59, 82]
SHH0o---,[60]
AHH7o---,[61, 64, 92]
HHH4o---,[62]
RHH2o---,[63]
FHH6o---,[65, 84]
QHH4o---,[66]
ALT5o---,[67]
KEE5o---,[69]
IEE5o---,[70, 71]
TEE5o---,[72]
YEE5o---,[73]
KLC5o---,[74]
ELC5o---,[75]
PLC4o---,[76]
DLC3o---,[77]
NLC5o---,[78, 97, 106]
PHH0o---,[79]
EHH3o---,[80, 125]
YHH5o---,[81]
EHH0o---,[83, 94]
LHH3o---,[85, 91, 127]
QHH0o---,[86]
QHH3o---,[87]
LHH6o---,[88]
KHH2o---,[89]
HHH0o---,[90, 93]
QHH2o---,[95, 141]
FLH5o---,[96]
FLC4o---,[98]
TLC0o---,[99]
LLC3o---,[100]
ELT0o---,[101, 174]
DLT0o---,[102]
GLS0o---,[103]
LLC2o---,[104]
VLC5o---,[105]
TLH4i---,[107]
IHH4i---,[108, 499]
AHH6i---,[110, 253, 584, 637, 689, 693]
SHH5i---,[111, 603]
HHH6i---,[113]
DHH8i---,[114, 369, 468]
GHH5i---,[115]
LHH4i---,[116, 454]
VHH4i---,[120]
QHH4i---,[121, 247]
VHH5i---,[123, 329, 658]
THH3o---,[124]
THH5o---,[126, 140]
AHH0o---,[128]
HLT0o---,[129]
GLT5o---,[130, 160]
VLT3o---,[133]
TLT2o---,[134]
DLC5o---,[135, 172]
GHH6o---,[136]
EHH2o---,[137]
GHH2o---,[138]
IHH6o---,[139]
RHH3o---,[142]
MHH6o---,[143]
WHT4o---,[144]
NLT4o---,[145]
RLC4o---,[146]
SLC3o---,[147]
FEE6o---,[148, 166]
QEE0o---,[149]
GLE8o---,[150]
VLT5o---,[151]
TLT7o---,[152]
GEE8o---,[153]
HEE2o---,[154]
LEE6o---,[155]
KEE3o---,[156]
MEE5o---,[157, 171]
GLE3o---,[158]
YLT3o---,[159]
SLC5o---,[161]
ELC6o---,[162]
TLC3o---,[163]
TLC6o---,[164]
DLC4o---,[165]
SEE5o---,[167]
WEE5o---,[169]
DEE6o---,[170]
PLT0o---,[173]
TLT3o---,[175]
DLC0i---,[177, 213, 433, 437, 492, 515]
FEE5i---,[178]
REE0i---,[179, 794]
VEE0i---,[180]
REE5i---,[181]
LLC3i---,[182, 325, 520]
CLC3i---,[183, 403]
KLC5i---,[186, 192, 228]
TLC5i---,[187, 190, 194, 640]
MLC0i---,[188, 456]
ELC5i---,[191, 429]
DLC5i---,[193]
PLC5i---,[196, 201, 202, 203, 204, 205, 206, 207, 220]
LLG5i---,[197]
FLG5i---,[198]
RLC5i---,[200]
ALC0i---,[209, 276, 457]
FLC0H---,[214]
SLC5H---,[215]
TLC5H---,[216]
LLC5H---,[217]
KLC5H---,[218]
TLC0i---,[221, 294, 295, 441, 613, 806]
ILC5i---,[222]
HLC0i---,[225, 272, 440, 707]
DLC0h---,[231]
KLC0h---,[232, 241]
RLC0h---,[233]
SLC0h---,[234]
FLC0h---,[235]
GLC0h---,[236, 237]
ILC0h---,[238]
NLC0h---,[239]
QLC0h---,[240]
NLC3h---,[242]
LHH3h---,[243]
RHH3i---,[244, 455, 501, 590, 694]
KHH4i---,[245, 328, 445, 446]
MHH3i---,[246, 642]
LHH6i---,[248, 252, 333, 386, 476, 526, 548, 560, 563, 564, 577, 635, 647, 699, 771]
EHH6i---,[249, 251, 579, 580]
KHH6i---,[250, 334, 591, 609]
SHH6i---,[254, 385]
ELC8i---,[255]
LLC4i---,[256, 514]
REE4i---,[258]
VEE6i---,[259, 315, 414, 676, 677]
RLC3i---,[260, 320, 322, 553]
WHG4i---,[261]
EHG3i---,[262]
DHG6i---,[263]
LEE6i---,[264, 344, 360, 421, 718]
QLC2i---,[265]
PLC2i---,[266]
TLC3i---,[281, 377]
SLC3i---,[283, 494, 556]
NLC0i---,[288, 804]
YLC0i---,[289]
QLC0i---,[298, 300, 438, 715]
FLC0i---,[299, 510]
VLC4i---,[301, 420]
FEE4i---,[302]
AEE4i---,[303]
KEE4i---,[304, 760]
TEE5i---,[305]
AEE7i---,[306, 314]
YEE2i---,[307]
KLT4i---,[309]
GLT6i---,[310, 611]
NEE4i---,[311, 356]
LEE3i---,[312]
VEE7i---,[313, 415, 622, 667, 727]
KEE8i---,[316, 422, 666]
SEE4i---,[317, 621]
VEE5i---,[318, 348, 785, 793]
NLC3i---,[319, 555]
KLC2i---,[321]
ILC3i---,[323, 402]
ELC2i---,[324]
TLC4i---,[326, 352]
RHH4i---,[327, 545, 549]
FHH3i---,[331, 551]
EHH7i---,[332, 593, 691]
HHH5i---,[335]
MHH6i---,[336, 527, 567]
RHH7i---,[337, 383]
DHH4i---,[338, 660]
ILC6i---,[339, 708]
QLC5i---,[340]
NLC7i---,[341, 373]
DLT4iM--,[342]
HLT7iM--,[343]
TLC6i---,[345, 449]
RLC4i---,[346, 711]
FEE6i---,[347, 619]
GEE8i---,[349, 721, 730]
AEE6i---,[350]
CEE6i---,[351, 358]
DLS3i---,[353]
PLS2i---,[354]
PLT4i---,[355]
IEE6i---,[359, 423, 720, 722, 761]
TEE6i---,[361]
EEE8i---,[362, 668]
YLC6i---,[363]
CLC6i---,[364]
PLS5i---,[365]
RLT8i---,[366]
GLH8i---,[367]
SHH7i---,[368]
IHH7i---,[370, 469, 474, 659]
LHH8i---,[371, 574, 595, 596, 648]
EHH5i---,[372]
ELT4i---,[374]
SLT3i---,[375]
ILC4i---,[376]
LLC6i---,[378, 428, 716]
DLC6i---,[379]
WHH6i---,[380]
MHH4i---,[381]
FHH7i---,[382]
YHH5i---,[384, 597]
THH5i---,[387]
NHH4i---,[388, 572]
DHH7i---,[389]
IHH6i---,[390, 475, 479, 544]
VHH6i---,[391, 502, 692, 703]
KHH5i---,[392]
GHH8i---,[393, 473]
QHH5i---,[395, 569]
FHH6i---,[396, 472, 541]
LHH7i---,[397, 608, 651]
HHH8i---,[398]
SHH2i---,[399]
GLT3i---,[400, 417]
ALT0i---,[401]
HLC8iM--,[405]
GLS7i---,[406]
NLC8iM--,[407]
LLC8iM--,[408]
KLC8iM--,[409]
SLG8i---,[410]
SLG7i---,[411]
NLG8i---,[412]
CEE7i---,[413, 740]
DLC7i---,[416]
RLT4i---,[418]
FLS5i---,[419]
TLE7i---,[424, 724]
DLC8iM--,[425]
YLT6i---,[426]
GLT7i---,[427, 631]
SHG3i---,[430]
FLC3i---,[431]
RLC2i---,[432]
LHH0i---,[442, 687]
YHH2i---,[443]
AHH4i---,[444, 466, 480, 634]
LLT6i---,[447]
WLT8i--S,[448]
ALC8i---,[450]
PHH8i---,[451]
EHH8i---,[452, 478, 568, 575, 588]
LHG4i---,[453]
SLS0i---,[458]
VLC0i---,[461, 488]
GLC4i---,[463, 484, 685]
SLC6i---,[464, 639]
QHH3i---,[465, 543]
GHH6i---,[467]
YHH8i---,[470]
SHH8i---,[471, 636, 750, 754]
QHH6i---,[477, 607, 643]
LLH4i---,[481]
RLT6i---,[482]
SLC2i---,[483]
VLT5i---,[485]
FLT6i---,[486, 662]
HLC2i---,[487]
ELT0i---,[489]
GLT0i---,[490, 505, 775, 776, 803]
PHH2i---,[495]
KHH0i---,[496]
EHH4i---,[497, 522, 576, 606]
IHH5i---,[498, 559]
EHH2i---,[500, 772]
THH2i---,[503]
ELS0i---,[506]
QLS0i---,[507]
RLC8i---,[511, 538]
PLC8i---,[512, 601, 737]
LLG0i---,[516]
SLT0i---,[518, 705]
HLS0i---,[519]
EHH0i---,[521, 773]
GHH2i---,[524]
HHH0i---,[525]
QHH0i---,[528, 542]
RHH2i---,[529]
CHH8i---,[530]
WLS8i---,[531]
ALC2i---,[532]
ELS2i---,[533]
DLC4i---,[534]
PHG5i---,[535]
QHG0i---,[536]
EHG0i---,[537]
PLC7i---,[539]
THH0i---,[546]
MHH2i---,[547]
KHH2i---,[550]
NLC5i---,[552]
ELC3i---,[554, 612, 615, 714, 757]
SLC4i---,[557]
NLC6i---,[558, 684]
DHH6i---,[561, 650]
NHH5i---,[562]
SHH4i---,[565]
YHH7i---,[570, 652]
NHH8i---,[573, 649]
VHH8i---,[578, 604, 645, 746]
RHH8i---,[581]
THH8i---,[582]
QHH2i---,[583]
YHH6i---,[585]
KHH7i---,[589]
AHH5i---,[594, 698, 702]
QLH7i---,[598]
ILT7i---,[599]
LLS8i---,[600]
HHH2i---,[602]
AHH8i---,[605, 749]
RLT2i---,[610]
ALC6i---,[616]
EEE6i---,[617]
AEE3i---,[618]
DLE4i---,[620]
TEE8i---,[623, 669, 795]
IEE7i---,[624]
YEE6i---,[625]
FEE8i---,[626, 742]
SEE8i---,[627, 678]
DEE8iM--,[628]
ILC8i---,[629]
VLT8i---,[630]
FHH8i--S,[632]
THH8iM-S,[633]
ELT3i---,[638]
PHH7i---,[641]
VHH7i---,[644]
THH3i---,[646]
CHH4i---,[654]
FHH8i---,[655]
DHH8iM--,[656]
NHH2i---,[661]
DLT4i---,[663]
VLC7i---,[664]
YLC7i---,[665]
IEE8i---,[670]
DLT8iM-S,[672]
ALE7i---,[673]
YEE8i---,[674]
MEE8i---,[675]
GLS8i---,[679, 725]
PLS7i---,[681]
VLS0i---,[682]
RHH0i---,[686, 704]
HHH8iM--,[688]
CHH0i---,[690]
FLC5i---,[706, 777]
RLT3i---,[709]
HLT6i---,[710]
PLT2i---,[712]
REE3i---,[717]
REE8i---,[719, 782]
HEE8iM--,[723]
PLC6i---,[726]
CEE5i---,[728]
AEE8i---,[729]
VEE8i---,[731, 732]
GLE8i---,[733]
LLT4i---,[734]
KLS6i---,[735]
MLC7i---,[736]
REE8i--S,[738]
YEE7i---,[739]
LEE7i---,[741, 798]
GLH8i--S,[743]
DHH8i--S,[744]
THH7i---,[745, 748, 767]
NHH8i--S,[747]
RHH8i--S,[751]
MHH8i---,[752]
EHH8iM--,[753]
NLT5i---,[755]
GLC7i---,[756]
LLT3i---,[759]
HEE8i---,[762]
LEE5i---,[763, 779]
SEC8i---,[764]
SHH0i---,[765]
KHH3i---,[768]
VHH2i---,[770]
FHT0i---,[774]
EEE0i---,[778, 780]
LEE0i---,[781, 799]
GEE7i---,[783]
DEE2i---,[784]
EEE3i---,[786]
MEE6i--S,[787]
KLT8i--S,[788]
KLS8i---,[790]
GLE5i---,[791]
KEE0i---,[792]
WEE5i---,[797]
GEE5i---,[800]
EEE4i---,[801]
