MLC8i---,1
SLC7i---,1
ELC7i---,2
VLC7i---,1
TEC7i---,1
YLC8i---,1
ALC8i---,1
DLC7i---,1
LLC8i---,1
QLC5i---,2
FLC5i---,1
NLC4i---,1
SLC4i---,3
ELC4i---,3
MLC0i---,1
ELC5i---,1
KLC4i---,3
ILC0i---,2
PLC4i---,2
GLC4i---,2
FLC0i---,1
ALC4i---,2
PLC3i---,2
HLC3i---,1
VHH0i---,1
WHH6i---,1
RHH6H---,1
PHH0H---,1
AHH5H---,2
AHH6H---,1
LHH2H---,1
FHH0H---,1
LHH8H---,1
THH4H---,1
LHH0H---,3
LHH5H---,3
CHH6H---,1
LHH7H---,1
IHH0H---,1
GHH5H---,2
LHH6H---,1
VHH5H---,1
SHH4H---,1
MHH3H---,1
FHH5o---,1
HHH3o---,1
VHH0o---,1
THH3o---,3
LHH0o---,3
KHH0o---,3
IHH0o---,2
EHH4o---,2
MHH0o---,4
KHH3o---,3
NHH0o---,3
LHH4o---,3
QHH4o---,4
SHH4o---,2
EHH2o---,1
EHH0o---,1
LHH6o---,3
RHH0o---,2
NHH5o---,1
IHH5o---,1
SHH3o---,3
NHH4o---,2
NHH3o---,2
IHH3o---,1
IHH4o---,2
LHH5o---,1
THH2o---,1
THH0o---,1
AHH4o---,2
KHH4o---,2
CHH8o---,2
RHH2o---,1
YLC4o---,1
SLC2o---,2
KLS2o---,1
ELS2o---,1
QLS0o---,1
ELC0o---,1
HLC0o---,2
KLE2o---,1
CEE8o---,4
KEE4o---,1
PLC4o---,1
CLC8o---,1
PLC6o---,1
RLT0o---,2
RLT3o---,1
WLC8o---,1
IEE4o---,1
WEE4o---,1
HEE4o---,1
KLT4o---,1
DLT4o---,1
SEE6o---,3
YEE8o---,1
FEE5o---,1
LEE5o---,1
DLC2o---,2
DLS0o---,1
VLC0o---,1
QEE4o---,1
TEC5o---,1
WHH8o---,1
QHH3o---,2
EHH5o---,1
SHH8o---,1
KHH5o---,1
MHH2o---,1
AHH3o---,2
QLT4o---,1
NLT5o---,1
ALC8o---,1
LEE8o---,1
LEE6o---,3
KEE5o---,1
ILC6o---,1
NLC5o---,2
NLS5o---,1
AHH7o---,1
EHH3o---,1
FHH7o---,1
IHH6o---,1
SHH2o---,1
SLC4o---,1
RLC0o---,3
SLS0o---,1
YLS0o---,2
DEE2o---,1
YEE5o---,3
WEE8o---,1
GEE8o---,1
SEC5o---,1
PLC5o---,2
ELC4o---,1
ELS3o---,1
SLC3o---,1
TLC0o---,1
GLC6o---,1
MLC2o---,1
RLC5o---,2
VLC4o---,1
DLT5o---,1
NLC4o---,2
ILC0o---,1
ILC4o---,1
SLG3o---,1
ALG3o---,1
WLC6o---,1
VEE3o---,1
IEE0o---,1
NLC0o---,1
ALC0o---,1
PLC0o---,1
DLC0o---,1
LLC0o---,1
NLT0o---,1
NLS0o---,1
MLC4o---,1
GEE6o---,1
IEE5o---,1
NEE3o---,1
LLT2o---,1
YEE0o---,1
VEE5o---,1
QEE3o---,1
YEE6o---,1
YEE0o--S,1
CLT8o---,1
TLT0o---,1
KLC0o---,1
KEC4o---,1
REE4o---,1
MEE5o---,1
IEE6o---,1
EEE8o---,1
KEE7o---,1
MEE4o---,1
ALC5o---,2
VLC5o---,1
QLC5o---,1
LLC5o---,1
GLC5o---,1
SLC5o---,1
TLC5o---,1
YLC5o---,1
FLC5o---,1
ELC5o---,1
