MLC5o---,2
HLC5o---,5
DLC5o---,1
PLC5i---,2
DLC5i---,3
YHH5i---,1
EHH0i---,1
VHH0i---,1
LHH5i---,4
LHH3o---,3
KHH0o---,8
VHH5i---,4
THH0i---,2
LHH0i---,1
GLC8i---,2
LLC4i---,3
NLC0i---,1
RLC0i---,1
TLC0i---,1
SLS0i---,1
KLS0i---,1
PLC0i---,2
QLC4i---,2
REE4i---,2
VEE6i---,3
IEE6i---,4
VEE7i---,4
GLC8i--S,2
ALC7i---,3
GLS8i--S,4
VHH6i--S,1
AHH7i--S,1
GHH8i---,1
LHH7i---,1
VHH6i---,3
AHH7i---,4
AHH8i---,3
KHH6i---,2
LHH8i---,1
SHH6i---,1
DHH4i---,2
ALT8i---,1
GLT8i---,1
HLC6i---,1
KEE2i---,1
TEE5i---,1
LEE6i---,5
ELC8i---,1
ALS6i---,1
DLS6i---,1
NLS3i---,1
RLS7i--S,1
ILC5i---,1
RLG8iM-S,1
ILC7i--S,1
TEE8i--S,1
YEE3i---,1
RLT0i---,1
KLT0o---,1
TLT4i---,1
GLC3i---,1
WLC0i---,1
GEE6i---,1
EEE8i--S,1
LLE6i---,1
GLC8iM-S,1
ALC8i--S,1
MLC7i--S,1
REE8i--S,1
MEE6i--S,1
PLC8i--S,1
SLT3i---,1
SLT5o---,1
HLC8o---,1
RHH2o---,2
IHH4o---,1
LHH6o---,4
HHH3o---,1
EHH2o---,3
LHH5o---,3
CHH6o---,1
KHH2o---,2
SHH3o---,2
LLT5o---,1
GLT5o---,1
LLC6o---,2
NLC2o---,1
LEE5o---,1
TEE5o---,1
KEE2o---,2
FLC8o--S,1
TLC3o---,1
QLC6o--S,1
YLT5o--S,1
DLC7o--S,1
ELT0o---,1
NLC3o---,1
TLC6o---,1
WEE3o---,1
VEE5o---,2
EEE3o---,1
NLT6o---,1
NLT4o---,1
LEE0o---,2
LEE3o---,1
REE3o---,1
NHH4o---,1
YHH0o---,1
VHH3o---,1
VHH5o---,2
EHH0o---,3
MLH3o---,1
PHH4o---,2
LLT4o---,1
GLT3o---,2
YLC4o---,1
KLC0o---,1
CLC3o---,1
PHH0o---,1
RHG0o---,1
EHG8o---,1
KLT2o---,1
GLT0o---,1
HLC4o---,1
SLC6o---,1
PHH5o---,1
EHH5o---,1
IHH5o---,1
YHH4o---,1
QHH0o---,3
MHH0o---,1
AHH5o---,1
LHH4o---,4
NHH0o---,1
AHH4o---,4
DHH3o---,1
LHH0o---,1
GLC5o---,4
CHH0o---,1
RHH0o---,5
MHH3o---,2
FHT3o---,1
ELT5o---,2
RLT2o---,1
HLS2o---,2
TEB7o---,1
EHH3o---,3
YHH5o---,1
LHI5o---,1
LHH2o---,1
GHH2o---,1
GLS4o---,1
NLC4o---,1
LLC5o---,4
SLC8o---,1
AHH7o---,1
RHH3o---,1
LHH4i---,2
GHH5i---,1
VHH4i--S,1
MHH4i---,1
ALC5i---,1
KLS4i---,1
DLS5i--S,1
GLC5i---,1
FHT5i---,2
YHT3i---,1
LLS5i---,1
SLC7i---,1
FHH5i---,2
AHH5i---,2
EHH5i---,1
RHH4o---,1
AHH5o--S,1
HHH4o--S,1
CHH3o--S,1
LHH4o--S,1
SLC3o--S,1
DLC4o---,1
RLC0o--S,1
RLC3i---,1
YEE7i--S,1
SEE3i---,1
REE8i---,1
IEE7i---,1
VLT3i---,1
GLT7i---,1
WHG6i--S,1
DHT6i---,1
LHH3i---,2
LHH6i---,2
PHH6i---,1
SHH0o---,1
SLT2o---,1
SLS0o---,2
GLS3o---,1
PLC2o---,1
VEE6o---,3
LEE0i---,1
LLE5i---,1
ALC6o---,1
PLC4i---,2
VEE2i---,1
AEE2o---,1
IEE6o---,1
TEE0o---,1
QEE7o---,1
GLC0o---,1
ALS0o---,1
HLS0o---,1
DLE0o---,1
REE0o---,1
HEE0o---,1
VEE4o---,1
AEE0o---,1
SLC0o---,2
RLT0o---,1
GLS0o---,1
ALC0o---,1
RLC0o---,1
KEE0o---,1
AEE0i---,1
MEE0o---,1
TEE0i---,1
AEE7i---,1
DLE8i---,1
VEE4i---,1
TLC8i--S,1
ALC6i--S,1
SLC8i--S,1
GHH6i---,1
PHH5i---,1
AHH6i---,1
QHH5i---,1
RLT3i---,1
ILC6i---,1
ALC2i---,1
FEE6i---,2
SLC2i---,1
PLS8i---,1
LLC6i---,1
TLC4i---,1
GHH6o---,1
QHH2o---,1
AHH6o---,3
ALT2o---,1
HLC3o---,1
YLC6o---,1
VLC5o---,3
PLC5o---,7
AEE7o--S,1
TEE6o---,1
KEE8o--S,1
SEE5i---,2
FEE7o---,1
RLS4o---,1
RLS3o---,1
PLC6o---,1
FHH8o---,1
WHH8o---,1
HHH2o---,1
DHH2o---,1
ELT3o---,1
HLT0o---,1
ILC5o---,1
ELC2o---,1
GLS7o---,1
GLC8o---,1
HEE6o---,1
SEE6i---,1
TEE7i---,1
ALS7i---,1
RLS4i---,1
PLT5i---,1
SLC6i---,2
RLE6i---,1
VEE5i---,2
IEE5i---,2
FEE6i--S,1
YEE6i---,1
PLC7i---,1
PLS5o---,1
ELS0o---,1
GLS4i---,1
ALE6i---,1
LEE5i---,1
LEE7i---,1
AEE6i---,1
SEE7i---,1
YEE8i--S,1
TLC6i---,1
WLC5i--S,1
SLS7i---,1
DHH2i---,1
AHH3i---,1
THH2i---,1
AHH2i---,1
AHT6i---,1
GLT0i---,3
LLS4i---,1
SLC4i---,1
QHH0i---,1
VHH2o---,1
DHH0o---,1
DHH6o---,1
VHH6o---,1
AHH0o---,1
HHH6o---,1
GLC6o---,1
IHH0i---,1
YHH0i---,1
RHH0i---,2
WEE4i---,1
DEE2i---,1
GLE3i---,1
SEE4i---,1
GEE5i---,1
TEE2i---,1
KEE5i---,1
RLC6i---,1
WHG8i--S,1
AHG4i---,1
EHG3i---,1
DLC7i---,1
PLT4i---,2
HLT4i---,1
GLC6i--S,1
FEE7i--S,1
VEE6i--S,1
QLC5i---,1
PLT3i---,1
TLT3i---,1
WLH5i---,1
QLC0i---,1
DLT0i---,2
GLC0i---,3
DLS0i---,1
QLS3i---,1
YLC0i---,1
DLC3i---,1
WHT5i---,1
SLT5i---,1
VLC0i---,1
YEE4i---,1
GLT4i---,1
RLT5i---,1
YEE5i---,1
FEE7i---,1
EHG8iM-S,1
HHG7iM-S,1
THG8i---,1
YLS4i---,1
HLC6i--S,1
GLC7i--S,1
WLH8i--S,1
VHH7i--S,1
EHH8i--S,1
THH7i--S,1
SHH8i---,1
RHH7i---,1
IHH6i---,1
NHH8i---,1
SHH0i---,1
ELT0i---,1
HLC0i---,1
SLC0i---,1
RLC5i---,1
ELC5i---,2
HLC5i---,1
TLC5i---,1
LLC5i---,1
VLC5i---,1
NLC5i---,1
RLC5o---,4
QLC5o---,3
SLC5o---,1
CLC5o---,1
ELC5o---,3
FLC5o---,1
KLC5o---,1
ALC5o---,5
TLC5o---,3
