XLC5o---,1
FHC5o---,1
NLT7o---,1
KLT3o---,1
HLC3o---,1
TEB7o---,1
LHH6o--S,1
LHH2o---,1
EHH5o---,1
YHI5o---,1
LHI6o---,1
LHI0o---,1
EHH2o---,1
EHH3o---,1
GLS4o---,1
NLC0o---,1
LLC6o---,1
SLC8o---,2
RHH0o---,1
PHH4o---,1
AHH6o---,2
VHH5o---,1
QHH3o---,1
LHH5o---,3
GHH5o---,1
DHH4o---,1
VHH4o--S,1
MHH5o--S,1
SLC5o---,1
ELC5o---,1
EHH3o--S,1
GHG5o--S,1
FHG5o---,2
YLT3o---,1
LLC5o--S,1
FHH5o---,1
EHH7o---,1
AHH5o---,1
RHH3o---,1
AHH3o--S,1
HHH3o--S,1
AHH0o---,1
CLH5o--S,1
LLC0o--S,1
SLC5o--S,1
DLC5o--S,1
RLC0o--S,1
LLC0o---,1
RLC8o---,1
