YLC8o---,1
HLC5o---,1
DLC5o---,2
PLC7o---,1
DLS7o---,1
LEE5o---,7
GLC8o---,1
PLC6o---,1
GLS5o--S,1
CLS8o--S,1
VHH8o--S,1
YHH4o--S,1
PHH5o--S,1
AHH7o---,3
AHH4o---,1
SHH6o---,2
VHH6o---,1
RHH6o---,1
FHH7o---,1
HHH4o---,1
WHT7o---,1
RLT3o---,2
LLC5o---,2
PLC8o---,1
LEE6o---,2
TEE7o---,1
ALS5o---,1
GLS6o--S,1
ALC7o--S,1
VLC5o--S,1
ALC6o---,1
SLG3o---,1
GLG3o---,1
FHG6o--S,1
SLG6o---,1
ALT3o---,1
KLC3o---,1
NLT2o---,1
ELT0o---,1
HLT2o---,1
YLC6o---,1
TLT5o---,1
VEE6o---,1
REE8o--S,1
TLC6o--S,1
GLS5o---,1
PLC6o--S,1
SLC5o--S,1
AHH5o--S,1
PHH2o---,1
KHH3o---,1
LHH5o--S,1
GHH6o---,1
EHH2o---,2
FHH5o---,1
VHH5o---,2
VHH3o---,1
MHH2o---,1
LHH6o---,2
HHH5o---,1
GHH0o---,1
HHH3o---,1
FLT6o---,1
NLT4o---,2
WLC8o---,1
TLC4o---,1
ALS2o---,1
RLC4o---,1
AEE6o---,2
YEE5o---,2
ALC2o---,2
RLC2o---,1
TLT3o---,1
DLT3o---,1
DLT5oM--,1
RLS3o---,1
PLH4o---,1
HHH8oM--,1
YHH2o---,1
FHH2o---,1
THH4o---,1
IHH5o---,1
GHH3o---,1
FHH0o---,2
EHH0o---,2
AHH3o---,1
QHH0o---,2
GHT0o---,1
SLT2o---,1
SEE0o---,1
VEE5o---,1
QEE0o---,1
HEE2o---,1
QEE3o---,1
VEE3o---,1
RLC0o---,1
ELS0o---,1
PLT0o---,1
GLT0o---,1
GLC3o---,1
PHH3o---,1
AHH5o---,1
THH5o---,1
HHH0o---,1
IHH6o---,1
KHH5o---,1
ALH0o---,1
NLC5o---,1
GLC5o---,1
